{"Time":{"0":1599609600000,"1":1599611400000,"2":1599613200000,"3":1599615000000,"4":1599616800000,"5":1599618600000,"6":1599620400000,"7":1599622200000,"8":1599624000000,"9":1599625800000,"10":1599627600000,"11":1599629400000,"12":1599631200000,"13":1599633000000,"14":1599634800000,"15":1599636600000,"16":1599638400000,"17":1599640200000,"18":1599642000000,"19":1599643800000,"20":1599645600000,"21":1599647400000,"22":1599649200000,"23":1599651000000,"24":1599652800000,"25":1599654600000,"26":1599656400000,"27":1599658200000,"28":1599660000000,"29":1599661800000,"30":1599663600000,"31":1599665400000,"32":1599667200000,"33":1599669000000,"34":1599670800000,"35":1599672600000,"36":1599674400000,"37":1599676200000,"38":1599678000000,"39":1599679800000,"40":1599681600000,"41":1599683400000,"42":1599685200000,"43":1599687000000,"44":1599688800000,"45":1599690600000,"46":1599692400000,"47":1599694200000},"T2s_1s":{"0":12.71557,"1":12.6936,"2":12.9294,"3":12.88772,"4":13.56475,"5":13.30087,"6":12.80767,"7":12.90185,"8":12.84,"9":13.02343,"10":12.32668,"11":12.32195,"12":12.18002,"13":11.81814,"14":11.5552,"15":12.79244,"16":13.6352,"17":14.482,"18":15.38833,"19":16.71066,"20":17.68954,"21":17.63854,"22":18.05242,"23":18.28283,"24":17.95065,"25":17.7901,"26":16.95986,"27":17.01528,"28":16.63604,"29":15.34948,"30":16.8262,"31":16.52462,"32":16.09515,"33":15.17166,"34":14.50268,"35":13.8659,"36":13.52413,"37":13.99288,"38":13.9613,"39":13.9028,"40":13.87438,"41":13.946,"42":13.76473,"43":13.37618,"44":13.31185,"45":13.22085,"46":12.78637,"47":12.79278}}