{"Time":{"0":1599609600000,"1":1599611400000,"2":1599613200000,"3":1599615000000,"4":1599616800000,"5":1599618600000,"6":1599620400000,"7":1599622200000,"8":1599624000000,"9":1599625800000,"10":1599627600000,"11":1599629400000,"12":1599631200000,"13":1599633000000,"14":1599634800000,"15":1599636600000,"16":1599638400000,"17":1599640200000,"18":1599642000000,"19":1599643800000,"20":1599645600000,"21":1599647400000,"22":1599649200000,"23":1599651000000,"24":1599652800000,"25":1599654600000,"26":1599656400000,"27":1599658200000,"28":1599660000000,"29":1599661800000,"30":1599663600000,"31":1599665400000,"32":1599667200000,"33":1599669000000,"34":1599670800000,"35":1599672600000,"36":1599674400000,"37":1599676200000,"38":1599678000000,"39":1599679800000,"40":1599681600000,"41":1599683400000,"42":1599685200000,"43":1599687000000,"44":1599688800000,"45":1599690600000,"46":1599692400000,"47":1599694200000,"48":1599696000000,"49":1599697800000,"50":1599699600000,"51":1599701400000,"52":1599703200000,"53":1599705000000,"54":1599706800000,"55":1599708600000,"56":1599710400000,"57":1599712200000,"58":1599714000000,"59":1599715800000,"60":1599717600000,"61":1599719400000,"62":1599721200000,"63":1599723000000,"64":1599724800000,"65":1599726600000,"66":1599728400000,"67":1599730200000,"68":1599732000000,"69":1599733800000,"70":1599735600000,"71":1599737400000,"72":1599739200000,"73":1599741000000,"74":1599742800000,"75":1599744600000,"76":1599746400000,"77":1599748200000,"78":1599750000000,"79":1599751800000,"80":1599753600000,"81":1599755400000,"82":1599757200000,"83":1599759000000,"84":1599760800000,"85":1599762600000,"86":1599764400000,"87":1599766200000,"88":1599768000000,"89":1599769800000,"90":1599771600000,"91":1599773400000,"92":1599775200000,"93":1599777000000,"94":1599778800000,"95":1599780600000},"T2s_1s":{"0":12.71557,"1":12.6936,"2":12.9294,"3":12.88772,"4":13.56475,"5":13.30087,"6":12.80767,"7":12.90185,"8":12.84,"9":13.02343,"10":12.32668,"11":12.32195,"12":12.18002,"13":11.81814,"14":11.5552,"15":12.79244,"16":13.6352,"17":14.482,"18":15.38833,"19":16.71066,"20":17.68954,"21":17.63854,"22":18.05242,"23":18.28283,"24":17.95065,"25":17.7901,"26":16.95986,"27":17.01528,"28":16.63604,"29":15.34948,"30":16.8262,"31":16.52462,"32":16.09515,"33":15.17166,"34":14.50268,"35":13.8659,"36":13.52413,"37":13.99288,"38":13.9613,"39":13.9028,"40":13.87438,"41":13.946,"42":13.76473,"43":13.37618,"44":13.31185,"45":13.22085,"46":12.78637,"47":12.79278,"48":12.31085,"49":12.3572,"50":12.18685,"51":12.1138,"52":12.02993,"53":11.6573,"54":11.40692,"55":11.25048,"56":11.1669,"57":11.15392,"58":11.09124,"59":11.98727,"60":12.34106,"61":11.8445,"62":12.239,"63":13.17837,"64":13.27316,"65":13.48828,"66":14.62554,"67":16.1904,"68":16.96566,"69":17.434,"70":17.75793,"71":17.89507,"72":18.14358,"73":18.19674,"74":18.42028,"75":18.57424,"76":18.3842,"77":18.15463,"78":17.69076,"79":17.32864,"80":16.86895,"81":16.1964,"82":15.64593,"83":14.7022,"84":13.57095,"85":12.9329,"86":12.62408,"87":12.3023,"88":12.18282,"89":12.2407,"90":12.7128,"91":12.6694,"92":11.83825,"93":11.63464,"94":11.7543,"95":11.5693}}