{"Time":{"0":1599609600000,"1":1599611400000,"2":1599613200000,"3":1599615000000,"4":1599616800000,"5":1599618600000,"6":1599620400000,"7":1599622200000,"8":1599624000000,"9":1599625800000,"10":1599627600000,"11":1599629400000,"12":1599631200000,"13":1599633000000,"14":1599634800000,"15":1599636600000,"16":1599638400000,"17":1599640200000,"18":1599642000000,"19":1599643800000,"20":1599645600000,"21":1599647400000,"22":1599649200000,"23":1599651000000,"24":1599652800000,"25":1599654600000,"26":1599656400000,"27":1599658200000,"28":1599660000000,"29":1599661800000,"30":1599663600000,"31":1599665400000,"32":1599667200000,"33":1599669000000,"34":1599670800000,"35":1599672600000,"36":1599674400000,"37":1599676200000,"38":1599678000000,"39":1599679800000,"40":1599681600000,"41":1599683400000,"42":1599685200000,"43":1599687000000,"44":1599688800000,"45":1599690600000,"46":1599692400000,"47":1599694200000},"W10s_1s":{"0":9.084419,"1":8.515273,"2":8.066089,"3":7.3108907,"4":8.242424,"5":7.313721,"6":8.745318,"7":9.10274,"8":8.430375,"9":9.356918,"10":10.765671,"11":9.843495,"12":9.207919,"13":8.625546,"14":1.997581,"15":2.1861303,"16":2.7403603,"17":8.210614,"18":7.2619004,"19":8.997547,"20":7.7191834,"21":10.477219,"22":10.741188,"23":11.56416,"24":12.741692,"25":12.826316,"26":13.641289,"27":12.818808,"28":12.963651,"29":13.198864,"30":12.396963,"31":12.3397665,"32":12.61061,"33":12.404307,"34":11.696415,"35":11.499289,"36":10.303233,"37":8.969366,"38":8.290065,"39":7.5502076,"40":5.4031887,"41":5.026585,"42":4.9807353,"43":4.26148,"44":4.816152,"45":7.0446444,"46":8.157998,"47":7.882223}}