{"Time":{"0":1599609600000,"1":1599611400000,"2":1599613200000,"3":1599615000000,"4":1599616800000,"5":1599618600000,"6":1599620400000,"7":1599622200000,"8":1599624000000,"9":1599625800000,"10":1599627600000,"11":1599629400000,"12":1599631200000,"13":1599633000000,"14":1599634800000,"15":1599636600000,"16":1599638400000,"17":1599640200000,"18":1599642000000,"19":1599643800000,"20":1599645600000,"21":1599647400000,"22":1599649200000,"23":1599651000000,"24":1599652800000,"25":1599654600000,"26":1599656400000,"27":1599658200000,"28":1599660000000,"29":1599661800000,"30":1599663600000,"31":1599665400000,"32":1599667200000,"33":1599669000000,"34":1599670800000,"35":1599672600000,"36":1599674400000,"37":1599676200000,"38":1599678000000,"39":1599679800000,"40":1599681600000,"41":1599683400000,"42":1599685200000,"43":1599687000000,"44":1599688800000,"45":1599690600000,"46":1599692400000,"47":1599694200000,"48":1599696000000,"49":1599697800000,"50":1599699600000,"51":1599701400000,"52":1599703200000,"53":1599705000000,"54":1599706800000,"55":1599708600000,"56":1599710400000,"57":1599712200000,"58":1599714000000,"59":1599715800000,"60":1599717600000,"61":1599719400000,"62":1599721200000,"63":1599723000000,"64":1599724800000,"65":1599726600000,"66":1599728400000,"67":1599730200000,"68":1599732000000,"69":1599733800000,"70":1599735600000,"71":1599737400000,"72":1599739200000,"73":1599741000000,"74":1599742800000,"75":1599744600000,"76":1599746400000,"77":1599748200000,"78":1599750000000,"79":1599751800000,"80":1599753600000,"81":1599755400000,"82":1599757200000,"83":1599759000000,"84":1599760800000,"85":1599762600000,"86":1599764400000,"87":1599766200000,"88":1599768000000,"89":1599769800000,"90":1599771600000,"91":1599773400000,"92":1599775200000,"93":1599777000000,"94":1599778800000,"95":1599780600000},"Wds_1s":{"0":17.3851,"1":15.071558,"2":12.9237795,"3":10.430705,"4":9.61689,"5":11.293791,"6":6.347467,"7":3.1089768,"8":355.7848,"9":0.34856045,"10":348.86978,"11":340.30276,"12":334.7465,"13":333.88412,"14":204.61421,"15":215.76646,"16":180.64336,"17":341.20468,"18":340.56357,"19":347.57797,"20":354.93915,"21":358.6514,"22":1.4611645,"23":1.9319576,"24":2.0729058,"25":6.312263,"26":2.6150236,"27":4.366303,"28":5.332998,"29":5.0261974,"30":7.129107,"31":2.2592752,"32":3.7503552,"33":10.318959,"34":12.20346,"35":14.554876,"36":13.9375725,"37":9.332059,"38":4.93474,"39":3.8954523,"40":358.3515,"41":359.6212,"42":4.6845493,"43":12.991506,"44":13.587153,"45":10.968396,"46":10.661997,"47":11.140862,"48":9.756784,"49":10.075208,"50":5.733137,"51":7.893022,"52":7.8062835,"53":5.6316895,"54":3.1593072,"55":1.3045789,"56":8.349916,"57":4.665921,"58":6.276972,"59":14.3982525,"60":15.735904,"61":12.235899,"62":6.55345,"63":5.091796,"64":12.962135,"65":16.480694,"66":12.771784,"67":346.39526,"68":350.58795,"69":0.3919558,"70":5.722518,"71":6.4918175,"72":2.9068558,"73":1.4845973,"74":8.484911,"75":9.400207,"76":5.711938,"77":4.233277,"78":4.2606907,"79":3.4877021,"80":2.4830744,"81":2.783387,"82":5.0259724,"83":4.1453385,"84":354.66306,"85":349.74164,"86":343.9025,"87":336.4782,"88":319.08246,"89":325.79523,"90":325.89142,"91":326.53622,"92":324.64014,"93":316.76657,"94":324.36694,"95":330.885}}