{"Time":{"0":1599609600000,"1":1599611400000,"2":1599613200000,"3":1599615000000,"4":1599616800000,"5":1599618600000,"6":1599620400000,"7":1599622200000,"8":1599624000000,"9":1599625800000,"10":1599627600000,"11":1599629400000,"12":1599631200000,"13":1599633000000,"14":1599634800000,"15":1599636600000,"16":1599638400000,"17":1599640200000,"18":1599642000000,"19":1599643800000,"20":1599645600000,"21":1599647400000,"22":1599649200000,"23":1599651000000,"24":1599652800000,"25":1599654600000,"26":1599656400000,"27":1599658200000,"28":1599660000000,"29":1599661800000,"30":1599663600000,"31":1599665400000,"32":1599667200000,"33":1599669000000,"34":1599670800000,"35":1599672600000,"36":1599674400000,"37":1599676200000,"38":1599678000000,"39":1599679800000,"40":1599681600000,"41":1599683400000,"42":1599685200000,"43":1599687000000,"44":1599688800000,"45":1599690600000,"46":1599692400000,"47":1599694200000},"Wds_1s":{"0":17.3851,"1":15.071558,"2":12.9237795,"3":10.430705,"4":9.61689,"5":11.293791,"6":6.347467,"7":3.1089768,"8":355.7848,"9":0.34856045,"10":348.86978,"11":340.30276,"12":334.7465,"13":333.88412,"14":204.61421,"15":215.76646,"16":180.64336,"17":341.20468,"18":340.56357,"19":347.57797,"20":354.93915,"21":358.6514,"22":1.4611645,"23":1.9319576,"24":2.0729058,"25":6.312263,"26":2.6150236,"27":4.366303,"28":5.332998,"29":5.0261974,"30":7.129107,"31":2.2592752,"32":3.7503552,"33":10.318959,"34":12.20346,"35":14.554876,"36":13.9375725,"37":9.332059,"38":4.93474,"39":3.8954523,"40":358.3515,"41":359.6212,"42":4.6845493,"43":12.991506,"44":13.587153,"45":10.968396,"46":10.661997,"47":11.140862}}