{"Time":{"0":1599609600000,"1":1599611400000,"2":1599613200000,"3":1599615000000,"4":1599616800000,"5":1599618600000,"6":1599620400000,"7":1599622200000,"8":1599624000000,"9":1599625800000,"10":1599627600000,"11":1599629400000,"12":1599631200000,"13":1599633000000,"14":1599634800000,"15":1599636600000,"16":1599638400000,"17":1599640200000,"18":1599642000000,"19":1599643800000,"20":1599645600000,"21":1599647400000,"22":1599649200000,"23":1599651000000,"24":1599652800000,"25":1599654600000,"26":1599656400000,"27":1599658200000,"28":1599660000000,"29":1599661800000,"30":1599663600000,"31":1599665400000,"32":1599667200000,"33":1599669000000,"34":1599670800000,"35":1599672600000,"36":1599674400000,"37":1599676200000,"38":1599678000000,"39":1599679800000,"40":1599681600000,"41":1599683400000,"42":1599685200000,"43":1599687000000,"44":1599688800000,"45":1599690600000,"46":1599692400000,"47":1599694200000,"48":1599696000000,"49":1599697800000,"50":1599699600000,"51":1599701400000,"52":1599703200000,"53":1599705000000,"54":1599706800000,"55":1599708600000,"56":1599710400000,"57":1599712200000,"58":1599714000000,"59":1599715800000,"60":1599717600000,"61":1599719400000,"62":1599721200000,"63":1599723000000,"64":1599724800000,"65":1599726600000,"66":1599728400000,"67":1599730200000,"68":1599732000000,"69":1599733800000,"70":1599735600000,"71":1599737400000,"72":1599739200000,"73":1599741000000,"74":1599742800000,"75":1599744600000,"76":1599746400000,"77":1599748200000,"78":1599750000000,"79":1599751800000,"80":1599753600000,"81":1599755400000,"82":1599757200000,"83":1599759000000,"84":1599760800000,"85":1599762600000,"86":1599764400000,"87":1599766200000,"88":1599768000000,"89":1599769800000,"90":1599771600000,"91":1599773400000,"92":1599775200000,"93":1599777000000,"94":1599778800000,"95":1599780600000},"W10s_1s":{"0":9.084419,"1":8.515273,"2":8.066089,"3":7.3108907,"4":8.242424,"5":7.313721,"6":8.745318,"7":9.10274,"8":8.430375,"9":9.356918,"10":10.765671,"11":9.843495,"12":9.207919,"13":8.625546,"14":1.997581,"15":2.1861303,"16":2.7403603,"17":8.210614,"18":7.2619004,"19":8.997547,"20":7.7191834,"21":10.477219,"22":10.741188,"23":11.56416,"24":12.741692,"25":12.826316,"26":13.641289,"27":12.818808,"28":12.963651,"29":13.198864,"30":12.396963,"31":12.3397665,"32":12.61061,"33":12.404307,"34":11.696415,"35":11.499289,"36":10.303233,"37":8.969366,"38":8.290065,"39":7.5502076,"40":5.4031887,"41":5.026585,"42":4.9807353,"43":4.26148,"44":4.816152,"45":7.0446444,"46":8.157998,"47":7.882223,"48":7.7884893,"49":7.391146,"50":6.709382,"51":6.9061766,"52":5.990231,"53":4.9802256,"54":4.3836765,"55":3.9379144,"56":3.8289535,"57":3.6691093,"58":3.6812997,"59":2.971602,"60":2.3235807,"61":2.4396908,"62":4.6832232,"63":6.404444,"64":5.0906897,"65":2.932119,"66":2.0486681,"67":3.3980863,"68":4.407799,"69":4.6765265,"70":7.308851,"71":8.189472,"72":9.373624,"73":9.93069,"74":6.317801,"75":6.1735873,"76":10.377145,"77":10.753921,"78":11.718289,"79":11.591424,"80":11.379891,"81":11.277208,"82":9.845812,"83":10.195506,"84":9.047666,"85":9.86171,"86":9.161557,"87":6.7031612,"88":4.855041,"89":5.1054235,"90":6.503051,"91":5.2933426,"92":4.358321,"93":3.837322,"94":3.5969386,"95":3.837413}}